{
    "doublet_dz": {
        "3": {
            "0": 0.6235714168548555,
            "1": 1.02260314941406,
            "2": 5.493053283691408,
            "3": 7.377142639160109
        },
        "5": {
            "0": 21.717062744140623,
            "1": 29.234128845214837,
            "2": 111.52297216796876,
            "3": 137.17939587402344
        }
    },
    "doublet_dr": {
        "3": {
            "0": 7.248797082901,
            "1": 12.104798797607423,
            "2": 102.01995441436769,
            "3": 118.53086938476561
        },
        "5": {
            "0": 260.27707342529294,
            "1": 313.3210198669433,
            "2": 719.9823386840823,
            "3": 807.0708547973633
        }
    },
    "ls_dz": {
        "0": 0.5680700263977064,
        "2": 5.8273682861328115,
        "4": 23.90821533203128,
        "6": 119.59744677734378
    },
    "ls_dr": {
        "0": 8.774569303512575,
        "2": 107.8883409729004,
        "4": 281.46177062988284,
        "6": 752.2001291503907
    },
    "ls_dtheta_rz": {
        "0": 0.0037019224166870146,
        "2": 0.0044531679153442215,
        "4": 0.007516551017761237,
        "6": 0.01303483963012696
    },
    "ls_chi2_012": {
        "0": 0.0003047138452529907,
        "2": 0.0006634145975112915,
        "4": 0.002336740493774414,
        "6": 0.010612320840358812
    },
    "t4_dz": {
        "0": 1.3169393386840813,
        "4": 53.37967980957031
    },
    "t4_dr": {
        "0": 30.48730879974365,
        "4": 458.86717434692383
    },
    "t4_dtheta_rz": {
        "0": 0.01064823508262634,
        "4": 0.05275262784957886
    },
    "t4_chi2_xy_047": {
        "0": 0.07400834244489667,
        "4": 0.3960455927848841
    }
}