{
    "doublet_dz": {
        "3": {
            "0": 0.6235714168548555,
            "1": 1.02260314941406,
            "2": 5.493053283691408,
            "3": 7.377142639160109
        },
        "5": {
            "0": 21.717062744140623,
            "1": 29.234128845214837,
            "2": 111.52297216796876,
            "3": 137.17939587402344
        }
    },
    "doublet_dr": {
        "3": {
            "0": 7.248797082901,
            "1": 12.104798797607423,
            "2": 102.01995441436769,
            "3": 118.53086938476561
        },
        "5": {
            "0": 260.27707342529294,
            "1": 313.3210198669433,
            "2": 719.9823386840823,
            "3": 807.0708547973633
        }
    },
    "ls_dz": {
        "3": {
            "0": 0.5704832000732449,
            "2": 5.828169860839844
        },
        "5": {
            "0": 23.932009887695312,
            "2": 119.58224145507813
        }
    },
    "ls_dr": {
        "3": {
            "0": 8.781136940002444,
            "2": 107.90334695434571
        },
        "5": {
            "0": 281.5089755249023,
            "2": 752.442478088379
        }
    },
    "ls_dtheta_rz": {
        "3": {
            "0": 0.0037015590667724627,
            "2": 0.004452302455902097
        },
        "5": {
            "0": 0.007520925998687743,
            "2": 0.013034703731536871
        }
    },
    "ls_chi2_012": {
        "3": {
            "0": 0.0003047138452529907,
            "2": 0.0006634145975112915
        },
        "5": {
            "0": 0.002336740493774414,
            "2": 0.010589495301246643
        }
    },
    "t4_dz": {
        "0": 1.3146340942382815,
        "4": 53.316499511718746
    },
    "t4_dr": {
        "0": 30.482485275268562,
        "4": 458.92519815063474
    },
    "t4_dtheta_rz": {
        "0": 0.010673942565917971,
        "4": 0.052722870588302606
    },
    "t4_chi2_xy_047": {
        "0": 0.07326482594013226,
        "4": 0.38275473576783137
    },
    "t4_chi2_sz": {
        "0": 0.040559654682875416,
        "4": 0.2854001559913158
    }
}