{
    "doublet_dz": {
        "3": {
            "0": 0.62,
            "1": 1.02,
            "2": 5.49,
            "3": 7.37
        },
        "5": {
            "0": 22,
            "1": 29,
            "2": 112,
            "3": 137
        }
    },
    "doublet_dr": {
        "3": {
            "0": 7.2,
            "1": 12.1,
            "2": 102.0,
            "3": 118.5
        },
        "5": {
            "0": 260,
            "1": 313,
            "2": 718,
            "3": 806
        }
    },
    "ls_dz": {
        "3": {
            "0": 0.6,
            "2": 5.8
        },
        "5": {
            "0": 24,
            "2": 120
        }
    },
    "ls_dr": {
        "3": {
            "0": 8.8,
            "2": 107.9
        },
        "5": {
            "0": 281,
            "2": 757
        }
    },
    "ls_dtheta_rz": {
        "3": {
            "0": 0.00370,
            "2": 0.00445
        },
        "5": {
            "0": 0.0075,
            "2": 0.0130
        }
    },
    "ls_chi2_012": {
        "3": {
            "0": 0.04,
            "2": 0.04
        },
        "5": {
            "0": 0.04,
            "2": 0.04
        }
    },
    "t4_dz": {
        "0": 1.30,
        "4": 54.0
    },
    "t4_dr": {
        "0": 30.42,
        "4": 459
    },
    "t4_dtheta_rz": {
        "0": 0.01,
        "4": 0.053
    },
    "t4_chi2_xy_047": {
        "0": 0.071,
        "4": 0.352
    },
    "t4_chi2_sz": {
        "0": 0.040559654682875416,
        "4": 0.2854001559913158
    }
}
